customerID,gender,SeniorCitizen,tenure,PhoneService,InternetService,MonthlyCharges,TotalCharges,Churn
CUST00001,Male,0,70,No,DSL,63.84,4533.31,No
CUST00002,Female,0,31,Yes,DSL,30.26,783.7,No
CUST00003,Male,0,9,No,DSL,71.92,731.41,Yes
CUST00004,Female,1,59,Yes,No,41.5,2474.23,No
CUST00005,Male,0,54,Yes,Fiber optic,24.6,862.0,No
CUST00006,Female,0,41,No,Fiber optic,38.14,1520.97,No
CUST00007,Male,0,62,No,DSL,51.57,3732.41,No
CUST00008,Female,1,12,Yes,Fiber optic,85.48,1119.73,No
CUST00009,Male,0,28,Yes,Fiber optic,36.68,921.65,No
CUST00010,Female,0,29,Yes,No,52.61,1571.41,No
CUST00011,Female,0,4,Yes,DSL,94.09,367.21,No
CUST00012,Female,0,58,Yes,Fiber optic,93.33,5374.52,No
CUST00013,Female,0,9,Yes,DSL,94.69,875.87,Yes
CUST00014,Male,0,9,No,Fiber optic,106.44,889.77,No
CUST00015,Female,0,9,No,Fiber optic,95.78,819.97,Yes
CUST00016,Female,0,47,Yes,No,51.57,2614.34,No
CUST00017,Male,0,47,Yes,DSL,46.63,2331.45,No
CUST00018,Female,0,52,No,DSL,61.42,3005.56,No
CUST00019,Female,0,60,No,Fiber optic,82.03,4934.75,No
CUST00020,Female,0,12,Yes,DSL,97.14,1058.62,No
CUST00021,Male,1,39,Yes,Fiber optic,78.88,3053.33,Yes
CUST00022,Female,1,38,Yes,DSL,56.78,2297.46,No
CUST00023,Male,0,68,Yes,DSL,84.99,6212.5,No
CUST00024,Male,1,48,Yes,Fiber optic,43.25,2210.82,No
CUST00025,Male,0,6,Yes,No,88.16,501.8,Yes
CUST00026,Male,0,14,Yes,No,50.5,659.37,No
CUST00027,Female,0,62,Yes,DSL,87.37,5503.96,No
CUST00028,Male,0,43,Yes,DSL,28.05,1003.81,No
CUST00029,Female,1,56,Yes,DSL,81.15,4717.61,No
CUST00030,Male,0,64,Yes,Fiber optic,86.63,5736.7,No
CUST00031,Female,1,43,No,DSL,62.79,2913.2,No
CUST00032,Male,1,0,Yes,Fiber optic,82.71,,No
CUST00033,Male,0,10,No,DSL,66.35,663.67,No
CUST00034,Male,1,0,No,Fiber optic,73.01,,Yes
CUST00035,Female,0,5,No,DSL,108.57,511.41,Yes
CUST00036,Male,0,8,No,DSL,105.48,821.1,No
CUST00037,Male,0,24,No,Fiber optic,84.08,1995.59,No
CUST00038,Male,0,63,Yes,DSL,36.24,2476.88,No
CUST00039,Female,0,65,No,DSL,35.84,2073.47,No
CUST00040,Female,0,0,No,No,106.18,,Yes
CUST00041,Female,1,21,No,Fiber optic,33.73,874.16,No
CUST00042,Male,0,13,Yes,Fiber optic,80.66,941.93,No
CUST00043,Male,0,38,Yes,DSL,86.09,3010.59,No
CUST00044,Female,0,2,No,DSL,70.19,,Yes
CUST00045,Female,0,10,No,No,74.42,837.05,Yes
CUST00046,Female,0,12,No,Fiber optic,78.53,857.62,Yes
CUST00047,Male,1,5,No,DSL,61.01,,Yes
CUST00048,Male,1,6,No,DSL,77.73,411.51,No
CUST00049,Female,0,66,No,DSL,61.84,3603.88,No
CUST00050,Male,0,71,No,Fiber optic,82.27,6195.85,No
CUST00051,Female,0,39,Yes,DSL,43.07,1684.8,No
CUST00052,Male,0,44,Yes,DSL,74.73,2902.35,No
CUST00053,Male,0,55,No,No,81.25,4304.85,No
CUST00054,Female,0,2,No,DSL,97.49,,No
CUST00055,Female,0,10,Yes,No,86.93,899.52,No
CUST00056,Female,1,40,No,Fiber optic,84.75,3193.05,Yes
CUST00057,Male,0,17,No,DSL,36.14,707.17,No
CUST00058,Female,0,30,No,DSL,63.51,1651.11,No
CUST00059,Female,0,12,No,DSL,62.85,732.57,No
CUST00060,Female,1,32,No,Fiber optic,93.68,3098.01,No
CUST00061,Female,1,68,Yes,DSL,52.97,4181.04,Yes
CUST00062,Female,0,12,No,DSL,72.66,,No
CUST00063,Male,1,1,Yes,Fiber optic,86.28,78.7,Yes
CUST00064,Female,0,0,Yes,Fiber optic,89.1,,Yes
CUST00065,Female,0,49,No,Fiber optic,47.51,2597.11,Yes
CUST00066,Female,0,20,Yes,Fiber optic,90.26,1951.34,Yes
CUST00067,Male,0,29,Yes,Fiber optic,24.92,1006.66,No
CUST00068,Male,0,46,No,No,42.87,2218.43,No
CUST00069,Female,0,48,Yes,Fiber optic,61.77,2814.16,Yes
CUST00070,Female,0,8,Yes,DSL,84.0,607.28,No
CUST00071,Female,0,0,No,DSL,65.19,,No
CUST00072,Female,0,45,No,DSL,87.47,3793.68,No
CUST00073,Male,0,6,No,DSL,76.73,472.46,Yes
CUST00074,Female,0,69,Yes,Fiber optic,49.49,2838.01,Yes
CUST00075,Male,0,67,Yes,DSL,32.7,2253.83,No
CUST00076,Female,0,26,Yes,No,33.53,669.32,No
CUST00077,Female,0,13,No,Fiber optic,28.76,437.12,Yes
CUST00078,Male,0,2,Yes,DSL,67.23,143.39,No
CUST00079,Male,0,1,No,DSL,87.17,87.11,No
CUST00080,Male,0,15,Yes,No,92.54,1407.89,No
CUST00081,Female,0,0,Yes,Fiber optic,65.33,,No
CUST00082,Female,0,18,No,No,54.26,850.78,No
CUST00083,Male,0,0,No,DSL,60.96,,No
CUST00084,Male,0,59,Yes,Fiber optic,93.43,5953.57,No
CUST00085,Male,0,9,Yes,No,104.28,976.61,Yes
CUST00086,Female,1,65,Yes,DSL,80.49,5488.64,No
CUST00087,Female,0,23,No,DSL,69.31,1374.49,No
CUST00088,Male,1,50,No,No,74.98,3862.47,No
CUST00089,Female,0,11,No,DSL,63.8,689.49,No
CUST00090,Male,0,22,Yes,No,86.51,1961.82,No
CUST00091,Female,0,5,No,Fiber optic,85.92,422.29,Yes
CUST00092,Female,1,59,No,DSL,22.3,1778.42,No
CUST00093,Male,1,12,No,DSL,68.24,866.57,Yes
CUST00094,Female,1,71,No,DSL,54.12,3327.49,No
CUST00095,Female,0,26,No,No,54.03,1448.41,No
CUST00096,Female,0,53,Yes,No,53.6,3129.11,No
CUST00097,Female,0,1,Yes,Fiber optic,62.28,55.61,Yes
CUST00098,Female,0,6,Yes,Fiber optic,104.81,683.33,No
CUST00099,Male,0,0,Yes,Fiber optic,109.5,,No
CUST00100,Female,0,21,Yes,No,50.83,977.37,No
CUST00101,Female,0,39,Yes,DSL,44.9,1765.75,No
CUST00102,Male,0,27,Yes,DSL,85.72,2336.67,No
CUST00103,Female,0,45,No,DSL,87.2,3639.44,No
CUST00104,Female,1,30,No,Fiber optic,50.44,1235.59,Yes
CUST00105,Male,1,6,No,Fiber optic,69.45,414.88,No
CUST00106,Female,0,40,No,DSL,69.69,2535.09,No
CUST00107,Male,0,23,No,Fiber optic,25.16,368.33,No
CUST00108,Female,0,26,No,DSL,39.62,1113.89,No
CUST00109,Male,0,44,Yes,DSL,43.92,1585.08,No
CUST00110,Female,1,18,No,DSL,62.4,997.23,No
CUST00111,Female,0,11,No,DSL,95.96,991.45,Yes
CUST00112,Male,1,46,No,DSL,67.44,2955.78,No
CUST00113,Male,0,4,Yes,Fiber optic,99.31,,Yes
CUST00114,Male,0,7,No,Fiber optic,91.01,701.03,No
CUST00115,Female,1,13,No,No,20.76,256.27,No
CUST00116,Female,0,0,No,Fiber optic,107.71,,Yes
CUST00117,Male,0,66,No,Fiber optic,46.92,2705.2,No
CUST00118,Female,0,9,No,No,95.61,882.18,Yes
CUST00119,Male,0,9,Yes,Fiber optic,70.1,598.21,No
CUST00120,Male,0,62,Yes,No,83.67,5457.78,No
CUST00121,Male,0,53,No,DSL,93.35,5169.09,No
CUST00122,Female,0,6,No,No,60.3,397.19,No
CUST00123,Male,0,38,Yes,Fiber optic,27.34,1046.78,Yes
CUST00124,Female,0,30,No,Fiber optic,29.97,831.17,No
CUST00125,Male,0,7,No,Fiber optic,108.87,789.86,No
CUST00126,Female,0,12,No,DSL,36.77,477.34,No
CUST00127,Female,0,58,No,Fiber optic,97.15,,No
CUST00128,Male,0,63,No,DSL,33.31,1567.84,No
CUST00129,Female,0,6,No,DSL,100.7,638.16,Yes
CUST00130,Female,0,59,Yes,DSL,74.62,4962.86,No
CUST00131,Female,0,47,No,DSL,56.81,2825.39,No
CUST00132,Female,0,24,Yes,Fiber optic,64.17,1665.06,No
CUST00133,Female,1,6,No,Fiber optic,81.52,446.16,Yes
CUST00134,Female,0,41,No,DSL,88.06,3980.64,No
CUST00135,Female,1,8,Yes,Fiber optic,106.73,857.03,No
CUST00136,Male,0,57,Yes,Fiber optic,91.74,5029.2,No
CUST00137,Female,0,59,No,Fiber optic,89.13,5664.26,No
CUST00138,Male,0,15,No,Fiber optic,29.81,328.22,No
CUST00139,Male,0,49,No,Fiber optic,77.95,3652.25,No
CUST00140,Female,0,45,Yes,DSL,66.14,2741.39,No
CUST00141,Male,0,61,Yes,Fiber optic,39.86,2771.14,No
CUST00142,Male,0,38,No,DSL,98.87,3816.96,No
CUST00143,Female,0,6,Yes,DSL,100.77,565.08,Yes
CUST00144,Female,0,65,Yes,No,51.61,3450.59,No
CUST00145,Female,0,3,Yes,Fiber optic,60.79,178.9,No
CUST00146,Male,0,43,Yes,No,24.69,1224.33,No
CUST00147,Female,0,19,No,No,98.32,1959.63,No
CUST00148,Male,0,10,Yes,DSL,109.4,1109.69,Yes
CUST00149,Female,0,19,No,No,64.31,1390.9,No
CUST00150,Female,0,71,No,Fiber optic,94.04,6313.48,No
CUST00151,Male,0,33,No,No,57.03,1676.27,No
CUST00152,Male,1,68,No,DSL,37.37,3022.97,No
CUST00153,Male,0,32,Yes,Fiber optic,95.64,3079.41,No
CUST00154,Female,0,10,Yes,Fiber optic,66.75,583.44,No
CUST00155,Female,1,36,Yes,Fiber optic,80.34,2779.42,Yes
CUST00156,Female,1,49,No,DSL,60.47,2972.43,No
CUST00157,Male,0,0,Yes,Fiber optic,77.82,,Yes
CUST00158,Male,0,11,Yes,Fiber optic,109.53,1182.44,Yes
CUST00159,Male,0,12,Yes,No,82.76,1027.57,No
CUST00160,Male,0,21,No,Fiber optic,80.77,1618.57,No
CUST00161,Female,0,31,Yes,DSL,49.15,1675.13,No
CUST00162,Male,0,30,Yes,Fiber optic,70.99,2112.41,Yes
CUST00163,Female,0,26,No,Fiber optic,42.24,1329.01,No
CUST00164,Female,0,60,Yes,DSL,58.41,3812.26,No
CUST00165,Male,0,12,No,No,89.01,1028.07,No
CUST00166,Male,0,9,Yes,No,95.39,901.71,Yes
CUST00167,Female,0,52,Yes,No,62.0,3033.09,No
CUST00168,Female,0,23,Yes,Fiber optic,64.91,1698.81,Yes
CUST00169,Female,0,3,No,Fiber optic,88.44,280.22,Yes
CUST00170,Male,0,22,Yes,DSL,76.02,1715.5,No
CUST00171,Male,1,10,No,Fiber optic,83.32,822.38,Yes
CUST00172,Female,0,1,Yes,No,63.26,55.05,No
CUST00173,Female,0,15,Yes,No,68.56,1101.55,No
CUST00174,Male,0,8,No,Fiber optic,88.32,680.95,No
CUST00175,Female,1,6,No,DSL,96.04,617.54,No
CUST00176,Male,1,64,Yes,DSL,38.31,2082.31,No
CUST00177,Male,0,40,No,Fiber optic,74.86,3360.38,No
CUST00178,Male,0,43,Yes,Fiber optic,20.32,607.12,No
CUST00179,Female,0,27,No,DSL,31.78,599.36,No
CUST00180,Female,1,18,No,DSL,99.3,1686.25,No
CUST00181,Male,0,40,No,DSL,37.86,1259.5,No
CUST00182,Male,0,29,No,Fiber optic,90.35,2686.94,Yes
CUST00183,Male,0,8,No,DSL,99.35,843.81,Yes
CUST00184,Female,0,12,Yes,No,41.44,422.0,No
CUST00185,Male,1,24,Yes,DSL,37.41,965.69,No
CUST00186,Female,0,55,No,DSL,53.57,3101.91,No
CUST00187,Female,0,39,Yes,Fiber optic,48.69,1987.01,No
CUST00188,Female,0,14,Yes,DSL,50.38,752.14,No
CUST00189,Male,0,27,Yes,Fiber optic,79.79,1946.86,No
CUST00190,Male,0,12,No,No,34.42,482.88,No
CUST00191,Male,1,68,No,DSL,64.23,3731.14,Yes
CUST00192,Female,0,17,No,Fiber optic,79.94,,No
CUST00193,Female,0,25,No,No,85.97,1975.91,No
CUST00194,Female,0,5,Yes,DSL,62.9,276.38,No
CUST00195,Male,1,14,Yes,DSL,83.68,1182.19,No
CUST00196,Female,1,1,No,No,89.81,87.46,No
CUST00197,Male,0,66,No,Fiber optic,93.26,5655.56,No
CUST00198,Male,1,15,Yes,Fiber optic,32.39,588.01,No
CUST00199,Female,0,10,Yes,Fiber optic,84.83,771.1,Yes
CUST00200,Male,0,16,Yes,No,95.2,1463.32,No
CUST00201,Female,0,10,No,DSL,99.98,1088.62,No
CUST00202,Male,1,3,Yes,Fiber optic,83.45,229.81,Yes
CUST00203,Female,0,43,No,DSL,50.31,2545.49,No
CUST00204,Male,0,8,No,DSL,84.13,661.75,Yes
CUST00205,Male,1,7,No,Fiber optic,87.51,584.74,Yes
CUST00206,Female,0,21,No,DSL,37.66,982.98,No
CUST00207,Male,1,7,No,DSL,79.06,562.84,Yes
CUST00208,Male,0,12,Yes,DSL,96.51,1241.03,No
CUST00209,Male,0,69,Yes,No,20.99,1763.31,No
CUST00210,Male,0,72,No,Fiber optic,87.07,5739.02,No
CUST00211,Female,0,72,Yes,Fiber optic,86.51,,No
CUST00212,Male,1,24,Yes,DSL,53.31,1061.07,No
CUST00213,Male,0,10,No,Fiber optic,88.76,944.54,Yes
CUST00214,Female,0,30,No,Fiber optic,45.0,1427.14,No
CUST00215,Female,0,15,Yes,No,31.69,326.61,No
CUST00216,Male,0,5,No,DSL,67.87,336.08,No
CUST00217,Female,0,64,Yes,DSL,42.07,2898.63,No
CUST00218,Female,0,14,No,Fiber optic,21.04,172.03,No
CUST00219,Male,0,47,Yes,No,88.08,3787.03,No
CUST00220,Female,0,25,Yes,Fiber optic,40.91,913.77,No
CUST00221,Female,0,1,No,DSL,101.44,93.54,No
CUST00222,Female,0,61,No,DSL,29.55,1771.01,No
CUST00223,Male,0,51,No,No,71.92,4002.79,No
CUST00224,Male,0,5,Yes,Fiber optic,99.32,,No
CUST00225,Female,1,68,No,Fiber optic,34.63,1720.65,No
CUST00226,Female,0,54,Yes,DSL,42.22,2656.35,No
CUST00227,Male,0,47,No,Fiber optic,86.15,4324.31,No
CUST00228,Male,0,46,Yes,Fiber optic,98.03,4572.86,No
CUST00229,Female,0,46,Yes,Fiber optic,25.37,1471.38,No
CUST00230,Male,0,41,No,Fiber optic,87.57,3592.85,Yes
CUST00231,Female,0,9,No,Fiber optic,81.63,654.31,No
CUST00232,Female,0,64,No,Fiber optic,30.55,2560.49,No
CUST00233,Male,0,12,No,Fiber optic,90.47,979.48,No
CUST00234,Female,1,57,Yes,No,21.98,1183.7,Yes
CUST00235,Female,0,62,No,Fiber optic,32.85,1698.65,Yes
CUST00236,Male,0,5,No,DSL,82.01,411.19,No
CUST00237,Male,0,8,Yes,Fiber optic,107.87,908.78,Yes
CUST00238,Male,0,32,Yes,No,78.96,2604.18,No
CUST00239,Female,0,7,Yes,No,83.38,622.89,No
CUST00240,Male,0,29,No,Fiber optic,84.78,2474.66,No
CUST00241,Female,0,0,No,DSL,61.75,,No
CUST00242,Male,0,2,Yes,DSL,99.67,193.5,Yes
CUST00243,Female,0,62,Yes,Fiber optic,94.0,5553.97,No
CUST00244,Female,0,49,Yes,DSL,29.54,1421.94,No
CUST00245,Male,0,51,No,DSL,46.18,2186.25,No
CUST00246,Female,1,12,Yes,No,42.6,444.62,No
CUST00247,Female,0,58,Yes,Fiber optic,52.62,3475.99,No
CUST00248,Female,1,13,Yes,Fiber optic,43.43,,No
CUST00249,Female,0,44,No,DSL,51.57,2656.25,No
CUST00250,Female,0,12,No,Fiber optic,73.48,898.83,Yes
CUST00251,Female,1,56,Yes,No,66.59,3824.34,Yes
CUST00252,Male,1,65,No,DSL,89.41,6365.99,No
CUST00253,Female,1,71,Yes,Fiber optic,60.82,3643.2,No
CUST00254,Male,0,29,No,Fiber optic,97.63,3092.0,No
CUST00255,Female,1,37,No,Fiber optic,58.2,2480.64,No
CUST00256,Male,0,5,Yes,DSL,103.33,487.59,Yes
CUST00257,Female,1,9,Yes,No,78.58,738.11,Yes
CUST00258,Male,0,62,No,No,91.37,5522.4,No
CUST00259,Female,0,69,Yes,Fiber optic,40.91,3141.92,No
CUST00260,Male,0,48,No,Fiber optic,84.5,3724.61,No
CUST00261,Male,0,58,Yes,DSL,32.27,1496.52,No
CUST00262,Male,0,18,Yes,Fiber optic,47.8,834.97,No
CUST00263,Male,0,1,No,Fiber optic,61.91,71.81,No
CUST00264,Male,0,23,Yes,Fiber optic,83.61,2075.94,No
CUST00265,Female,0,43,No,Fiber optic,81.49,3166.79,No
CUST00266,Male,1,54,No,No,40.99,2514.99,No
CUST00267,Male,0,62,No,Fiber optic,84.92,,No
CUST00268,Female,0,48,Yes,DSL,88.87,4181.11,No
CUST00269,Female,1,6,Yes,Fiber optic,86.12,540.59,No
CUST00270,Male,0,5,No,DSL,105.89,547.29,Yes
CUST00271,Male,1,65,Yes,Fiber optic,33.59,2634.72,No
CUST00272,Male,0,33,Yes,Fiber optic,61.59,2017.59,Yes
CUST00273,Female,0,11,No,No,97.66,1121.51,No
CUST00274,Female,1,54,Yes,Fiber optic,92.09,5321.0,Yes
CUST00275,Female,0,47,No,Fiber optic,98.75,4651.86,Yes
CUST00276,Female,0,39,No,No,85.17,3213.54,No
CUST00277,Male,1,9,Yes,DSL,91.66,854.71,Yes
CUST00278,Male,0,4,Yes,Fiber optic,104.62,,No
CUST00279,Male,0,0,Yes,DSL,73.06,,No
CUST00280,Male,0,2,Yes,No,73.28,158.73,Yes
CUST00281,Female,1,7,Yes,No,109.81,822.32,No
CUST00282,Female,1,13,No,Fiber optic,42.48,530.02,Yes
CUST00283,Male,0,6,Yes,DSL,77.77,485.0,Yes
CUST00284,Male,0,10,No,DSL,97.96,993.62,Yes
CUST00285,Female,0,63,Yes,DSL,84.84,5745.17,No
CUST00286,Female,0,21,Yes,Fiber optic,42.84,841.53,No
CUST00287,Female,0,43,Yes,DSL,85.2,3711.7,No
CUST00288,Female,0,63,Yes,Fiber optic,83.26,4889.39,No
CUST00289,Female,0,9,Yes,Fiber optic,73.14,,No
CUST00290,Male,0,38,No,No,74.98,2882.34,No
CUST00291,Female,1,8,Yes,DSL,105.02,823.77,Yes
CUST00292,Male,1,3,No,No,75.57,234.44,Yes
CUST00293,Male,0,8,No,Fiber optic,61.74,441.13,No
CUST00294,Male,0,9,Yes,DSL,76.7,618.85,Yes
CUST00295,Male,0,11,No,Fiber optic,109.71,1308.56,Yes
CUST00296,Male,0,9,Yes,DSL,93.79,889.29,No
CUST00297,Female,0,45,No,Fiber optic,47.25,2084.09,Yes
CUST00298,Male,0,2,Yes,DSL,96.23,203.78,Yes
CUST00299,Female,1,1,No,DSL,87.5,84.31,No
CUST00300,Female,0,35,Yes,Fiber optic,84.07,2721.44,No
CUST00301,Female,0,53,Yes,DSL,97.38,5355.49,No
CUST00302,Female,0,8,Yes,Fiber optic,88.78,678.7,Yes
CUST00303,Female,1,11,Yes,Fiber optic,88.18,988.17,Yes
CUST00304,Female,1,58,No,DSL,50.95,2630.59,No
CUST00305,Female,0,9,No,DSL,81.87,701.32,Yes
CUST00306,Female,0,3,Yes,DSL,67.62,208.37,No
CUST00307,Male,0,40,No,Fiber optic,47.89,1665.6,Yes
CUST00308,Female,0,0,No,DSL,104.7,,Yes
CUST00309,Female,0,30,No,Fiber optic,44.64,1549.23,Yes
CUST00310,Male,0,55,Yes,DSL,46.55,2214.1,No
CUST00311,Female,0,16,Yes,Fiber optic,59.72,1072.08,No
CUST00312,Female,1,8,Yes,DSL,83.78,668.83,Yes
CUST00313,Male,0,8,Yes,Fiber optic,98.29,743.36,Yes
CUST00314,Female,1,4,Yes,DSL,96.66,380.35,No
CUST00315,Male,1,7,Yes,No,88.97,606.18,Yes
CUST00316,Female,1,4,Yes,DSL,85.71,351.72,Yes
CUST00317,Female,1,59,No,Fiber optic,44.27,2600.81,No
CUST00318,Male,0,25,No,No,68.01,1571.67,No
CUST00319,Male,0,26,No,Fiber optic,99.55,2719.5,Yes
CUST00320,Female,0,8,No,Fiber optic,63.3,524.57,No
CUST00321,Male,1,65,Yes,No,69.85,4453.11,No
CUST00322,Male,0,5,Yes,DSL,60.74,288.28,No
CUST00323,Female,0,59,No,Fiber optic,63.24,3549.41,Yes
CUST00324,Male,0,0,No,Fiber optic,71.6,,No
CUST00325,Male,0,26,No,DSL,80.64,2345.63,No
CUST00326,Female,0,64,No,No,97.81,6890.71,No
CUST00327,Male,0,2,No,Fiber optic,70.08,142.22,Yes
CUST00328,Female,0,16,No,Fiber optic,32.71,370.87,Yes
CUST00329,Female,0,49,No,Fiber optic,46.41,2200.54,Yes
CUST00330,Male,0,0,No,DSL,90.47,,Yes
CUST00331,Female,1,0,Yes,DSL,93.62,,Yes
CUST00332,Female,0,70,Yes,Fiber optic,52.46,3010.61,No
CUST00333,Male,0,5,Yes,DSL,78.28,407.46,Yes
CUST00334,Female,0,10,Yes,DSL,68.8,624.53,No
CUST00335,Male,0,27,No,DSL,43.51,1347.84,No
CUST00336,Male,1,11,Yes,DSL,67.01,654.23,No
CUST00337,Female,0,14,No,DSL,53.3,673.8,No
CUST00338,Male,0,11,Yes,Fiber optic,74.42,802.56,Yes
CUST00339,Female,0,61,No,Fiber optic,47.57,2602.05,No
CUST00340,Male,0,19,No,DSL,49.19,914.41,No
CUST00341,Female,0,63,Yes,DSL,67.41,3725.09,No
CUST00342,Male,0,62,No,Fiber optic,88.79,4923.05,No
CUST00343,Male,0,15,Yes,No,88.58,1423.58,No
CUST00344,Male,0,5,No,No,106.06,579.15,Yes
CUST00345,Male,1,10,No,No,91.66,974.34,Yes
CUST00346,Female,1,44,Yes,DSL,97.07,,No
CUST00347,Male,0,5,Yes,No,104.96,567.24,Yes
CUST00348,Female,0,3,Yes,No,63.84,214.19,No
CUST00349,Female,0,13,No,DSL,53.11,596.22,No
CUST00350,Female,0,70,Yes,Fiber optic,87.49,6580.55,No
CUST00351,Male,0,1,No,No,96.32,88.31,Yes
CUST00352,Female,0,11,No,DSL,73.14,913.97,Yes
CUST00353,Male,0,69,Yes,DSL,48.86,2996.35,No
CUST00354,Female,1,0,No,DSL,97.97,,Yes
CUST00355,Male,0,26,No,DSL,65.82,1900.04,No
CUST00356,Male,0,66,No,DSL,26.91,,No
CUST00357,Female,0,59,No,Fiber optic,38.84,1841.44,No
CUST00358,Male,0,12,No,Fiber optic,78.75,1020.84,No
CUST00359,Female,0,7,Yes,DSL,75.62,552.13,No
CUST00360,Female,0,71,No,Fiber optic,42.83,2334.87,No
CUST00361,Female,0,49,Yes,DSL,27.99,1018.21,No
CUST00362,Male,0,23,No,DSL,80.57,1738.17,No
CUST00363,Male,1,15,Yes,No,95.14,1534.35,Yes
CUST00364,Male,0,12,Yes,DSL,20.24,340.29,No
CUST00365,Female,0,60,No,No,72.2,3933.19,No
CUST00366,Male,1,9,No,Fiber optic,91.04,745.06,No
CUST00367,Female,0,9,No,DSL,71.33,669.81,Yes
CUST00368,Female,0,6,No,DSL,108.03,655.02,Yes
CUST00369,Male,0,61,No,DSL,84.85,5443.2,No
CUST00370,Female,0,15,Yes,Fiber optic,40.01,582.57,Yes
CUST00371,Female,0,13,Yes,DSL,82.75,1040.43,No
CUST00372,Female,0,10,No,DSL,99.01,1048.52,Yes
CUST00373,Female,0,54,No,DSL,35.71,1558.26,No
CUST00374,Female,0,7,No,DSL,86.53,593.85,No
CUST00375,Female,0,1,Yes,Fiber optic,106.47,104.63,Yes
CUST00376,Male,0,9,No,DSL,92.4,846.06,Yes
CUST00377,Female,0,11,No,DSL,97.53,989.59,No
CUST00378,Female,0,0,Yes,DSL,88.28,,Yes
CUST00379,Female,1,9,No,Fiber optic,109.38,1017.29,Yes
CUST00380,Female,0,64,Yes,DSL,90.42,6335.16,No
CUST00381,Male,0,1,Yes,No,86.81,96.22,No
CUST00382,Female,0,56,Yes,No,97.61,5123.63,No
CUST00383,Male,0,6,No,DSL,66.88,393.75,No
CUST00384,Female,0,12,No,DSL,41.47,533.81,No
CUST00385,Male,0,43,Yes,Fiber optic,21.56,954.07,No
CUST00386,Female,0,43,No,DSL,25.39,1269.17,No
CUST00387,Male,0,65,Yes,Fiber optic,20.15,1777.66,No
CUST00388,Male,0,51,Yes,DSL,64.83,3389.03,No
CUST00389,Male,1,63,Yes,No,72.74,4506.58,Yes
CUST00390,Female,0,12,Yes,Fiber optic,41.44,490.87,No
CUST00391,Female,1,37,Yes,Fiber optic,39.74,1387.62,Yes
CUST00392,Female,0,46,Yes,Fiber optic,81.76,,No
CUST00393,Male,0,36,Yes,DSL,44.42,1793.85,No
CUST00394,Female,0,20,No,DSL,46.59,757.12,No
CUST00395,Female,0,56,No,DSL,66.41,3374.13,No
CUST00396,Male,0,4,No,No,63.41,289.33,No
CUST00397,Male,0,22,No,DSL,59.76,1106.85,No
CUST00398,Female,1,63,Yes,DSL,55.01,3011.97,No
CUST00399,Male,0,4,Yes,Fiber optic,74.25,332.73,Yes
CUST00400,Female,0,4,No,DSL,81.38,332.8,Yes
CUST00401,Male,0,9,Yes,Fiber optic,79.84,734.11,Yes
CUST00402,Male,0,60,Yes,Fiber optic,57.57,3100.29,No
CUST00403,Male,0,11,Yes,DSL,104.32,1056.91,No
CUST00404,Female,0,2,Yes,No,98.56,212.98,Yes
CUST00405,Male,1,8,Yes,DSL,68.96,559.6,Yes
CUST00406,Female,0,27,No,No,53.51,1359.72,No
CUST00407,Female,0,38,Yes,DSL,38.37,1597.36,No
CUST00408,Male,0,44,No,Fiber optic,61.74,,No
CUST00409,Male,1,38,Yes,DSL,62.95,2290.75,No
CUST00410,Female,0,57,No,Fiber optic,81.47,4596.51,No
CUST00411,Male,0,32,No,Fiber optic,35.61,1034.5,Yes
CUST00412,Female,1,51,No,Fiber optic,98.67,5471.34,Yes
CUST00413,Male,0,17,Yes,Fiber optic,76.47,1315.35,Yes
CUST00414,Male,0,6,No,DSL,104.41,589.36,Yes
CUST00415,Female,0,5,No,Fiber optic,68.05,370.16,No
CUST00416,Female,0,48,Yes,Fiber optic,71.05,3641.05,No
CUST00417,Female,1,14,Yes,Fiber optic,29.16,,No
CUST00418,Male,0,46,No,No,93.43,3995.18,No
CUST00419,Female,0,24,Yes,DSL,67.63,1733.08,No
CUST00420,Female,0,10,No,DSL,60.01,544.81,No
CUST00421,Female,0,8,Yes,Fiber optic,78.6,562.03,No
CUST00422,Male,0,6,No,DSL,78.53,519.8,Yes
CUST00423,Female,0,4,No,No,107.63,395.12,Yes
CUST00424,Male,1,53,Yes,No,25.81,1695.94,No
CUST00425,Female,0,7,No,DSL,101.68,767.12,Yes
CUST00426,Female,0,13,No,DSL,36.25,476.9,No
CUST00427,Female,1,63,No,No,86.64,5592.45,No
CUST00428,Male,1,57,Yes,Fiber optic,55.06,3039.34,Yes
CUST00429,Male,0,8,No,No,88.3,647.39,Yes
CUST00430,Male,1,8,Yes,Fiber optic,107.67,878.24,No
CUST00431,Female,0,5,Yes,Fiber optic,82.51,424.23,No
CUST00432,Female,0,42,Yes,DSL,57.95,2381.79,No
CUST00433,Female,0,10,Yes,Fiber optic,65.38,717.8,No
CUST00434,Male,1,57,No,Fiber optic,38.48,1996.05,Yes
CUST00435,Female,0,0,No,Fiber optic,78.59,,Yes
CUST00436,Female,0,67,No,No,91.63,6366.53,No
CUST00437,Male,0,61,No,Fiber optic,63.97,,No
CUST00438,Male,1,3,Yes,DSL,107.96,326.33,Yes
CUST00439,Female,0,51,Yes,Fiber optic,24.17,1407.19,No
CUST00440,Female,0,69,No,DSL,68.17,4405.08,No
CUST00441,Female,0,51,Yes,Fiber optic,69.29,,No
CUST00442,Female,0,11,Yes,DSL,86.07,963.96,No
CUST00443,Female,0,7,No,DSL,71.41,462.76,Yes
CUST00444,Male,0,10,Yes,DSL,90.04,876.96,Yes
CUST00445,Female,0,59,Yes,Fiber optic,61.57,3855.36,No
CUST00446,Female,0,35,Yes,DSL,28.53,1194.02,No
CUST00447,Male,0,24,Yes,Fiber optic,83.85,2024.14,Yes
CUST00448,Male,0,50,Yes,DSL,49.96,2218.47,No
CUST00449,Female,0,0,Yes,Fiber optic,105.59,,No
CUST00450,Female,0,68,No,DSL,94.0,6221.17,No
CUST00451,Female,0,56,No,DSL,78.25,4053.42,No
CUST00452,Female,0,23,No,DSL,69.29,1735.35,No
CUST00453,Female,1,53,No,DSL,38.21,1618.47,Yes
CUST00454,Female,0,3,Yes,DSL,85.15,249.27,Yes
CUST00455,Female,1,2,Yes,DSL,68.43,121.13,No
CUST00456,Female,0,31,Yes,No,64.04,2072.64,No
CUST00457,Male,1,41,Yes,Fiber optic,22.2,513.95,No
CUST00458,Female,1,5,No,No,87.36,,Yes
CUST00459,Male,0,26,No,No,87.13,2334.05,No
CUST00460,Female,0,0,No,Fiber optic,104.83,,Yes
CUST00461,Female,0,16,No,DSL,83.27,1381.59,No
CUST00462,Male,0,11,No,No,60.4,759.98,No
CUST00463,Male,0,0,Yes,Fiber optic,74.58,,No
CUST00464,Female,0,4,Yes,DSL,99.03,410.18,No
CUST00465,Female,0,9,No,No,63.5,481.97,No
CUST00466,Female,0,3,Yes,No,96.22,318.35,Yes
CUST00467,Male,1,67,Yes,DSL,30.18,2457.08,No
CUST00468,Female,0,57,Yes,Fiber optic,50.65,,No
CUST00469,Female,0,2,Yes,Fiber optic,75.4,151.85,Yes
CUST00470,Male,1,3,Yes,DSL,64.63,189.13,No
CUST00471,Male,1,42,No,No,61.59,2650.0,No
CUST00472,Male,0,60,Yes,No,86.57,5655.35,No
CUST00473,Male,0,0,Yes,Fiber optic,66.82,,No
CUST00474,Male,0,10,No,No,92.73,851.63,Yes
CUST00475,Male,0,9,No,Fiber optic,106.31,1038.1,Yes
CUST00476,Male,0,12,No,No,79.5,862.42,No
CUST00477,Male,0,52,No,Fiber optic,47.22,2792.29,No
CUST00478,Female,0,22,Yes,Fiber optic,23.97,599.14,No
CUST00479,Male,0,16,Yes,DSL,77.08,1378.41,No
CUST00480,Male,0,54,No,No,73.59,3465.1,No
CUST00481,Female,0,11,Yes,Fiber optic,94.2,1082.86,Yes
CUST00482,Male,0,19,Yes,No,22.72,588.39,No
CUST00483,Male,1,1,Yes,Fiber optic,81.02,84.97,Yes
CUST00484,Male,1,6,No,DSL,67.82,415.39,Yes
CUST00485,Male,0,43,No,No,98.92,3996.85,No
CUST00486,Male,0,10,No,DSL,105.33,1060.5,No
CUST00487,Male,0,20,No,DSL,50.26,1199.92,No
CUST00488,Female,0,21,No,DSL,86.97,1841.85,No
CUST00489,Male,0,15,Yes,DSL,24.29,231.23,No
CUST00490,Female,0,1,Yes,Fiber optic,80.61,88.97,Yes
CUST00491,Male,1,49,Yes,No,82.88,,No
CUST00492,Male,0,35,No,Fiber optic,35.81,1068.56,No
CUST00493,Male,0,20,No,Fiber optic,28.02,733.42,No
CUST00494,Female,0,11,No,Fiber optic,101.3,1216.96,Yes
CUST00495,Female,0,54,No,DSL,91.84,5440.67,No
CUST00496,Male,0,10,No,DSL,100.55,1077.95,No
CUST00497,Male,0,24,No,DSL,90.79,2259.92,No
CUST00498,Male,0,39,Yes,DSL,60.96,2298.29,No
CUST00499,Female,0,19,No,Fiber optic,59.58,1302.87,Yes
CUST00500,Female,0,10,Yes,DSL,91.2,851.82,Yes
CUST00501,Male,0,9,Yes,DSL,82.11,768.74,No
CUST00502,Female,0,9,No,DSL,97.42,,No
CUST00503,Female,0,9,Yes,DSL,91.49,850.07,Yes
CUST00504,Male,1,2,Yes,DSL,92.15,168.79,No
CUST00505,Male,0,65,Yes,DSL,21.17,860.17,No
CUST00506,Female,0,1,No,Fiber optic,83.68,88.69,No
CUST00507,Male,0,71,No,Fiber optic,78.83,6047.35,No
CUST00508,Female,0,70,Yes,No,81.54,5587.58,No
CUST00509,Female,0,23,Yes,DSL,51.81,1110.87,No
CUST00510,Male,0,54,Yes,DSL,88.43,5101.46,No
CUST00511,Female,0,2,No,DSL,92.34,174.6,No
CUST00512,Female,0,54,No,Fiber optic,45.05,1970.44,No
CUST00513,Female,1,72,No,Fiber optic,75.66,5102.55,No
CUST00514,Male,0,25,Yes,No,47.57,957.51,No
CUST00515,Female,0,1,No,Fiber optic,98.83,107.6,No
CUST00516,Male,0,62,Yes,No,60.36,4318.88,No
CUST00517,Male,1,12,No,DSL,23.59,180.02,No
CUST00518,Female,0,0,Yes,DSL,83.23,,Yes
CUST00519,Female,0,9,Yes,DSL,108.97,977.88,No
CUST00520,Female,0,15,Yes,DSL,97.25,1490.3,No
CUST00521,Female,0,44,No,DSL,47.71,1923.25,No
CUST00522,Female,0,8,Yes,No,63.36,524.73,No
CUST00523,Male,0,64,No,DSL,74.33,4885.04,No
CUST00524,Male,0,9,No,No,96.94,788.5,No
CUST00525,Female,0,26,Yes,DSL,98.06,2512.45,No
CUST00526,Male,0,35,No,DSL,22.05,757.28,No
CUST00527,Female,0,52,No,Fiber optic,31.61,1269.9,Yes
CUST00528,Female,1,54,No,DSL,54.31,2645.9,Yes
CUST00529,Female,0,50,Yes,Fiber optic,42.19,2514.11,No
CUST00530,Female,0,56,No,DSL,64.35,3887.9,No
CUST00531,Male,0,11,Yes,DSL,94.11,1013.44,No
CUST00532,Female,0,5,No,DSL,97.1,493.37,Yes
CUST00533,Female,0,50,Yes,DSL,75.45,3510.19,No
CUST00534,Male,0,3,Yes,Fiber optic,63.21,198.23,No
CUST00535,Female,1,4,No,No,69.19,256.82,No
CUST00536,Female,0,24,No,DSL,96.47,2466.19,No
CUST00537,Female,0,19,No,Fiber optic,95.44,1677.88,No
CUST00538,Male,0,4,No,Fiber optic,98.41,402.21,Yes
CUST00539,Female,0,1,Yes,DSL,71.68,70.74,No
CUST00540,Male,0,0,No,Fiber optic,80.88,,No
CUST00541,Male,0,38,Yes,No,49.0,1638.52,No
CUST00542,Female,0,64,Yes,Fiber optic,80.35,5062.18,No
CUST00543,Male,0,0,Yes,Fiber optic,90.83,,No
CUST00544,Male,1,2,Yes,DSL,81.55,146.55,Yes
CUST00545,Male,0,45,Yes,Fiber optic,93.55,3783.24,No
CUST00546,Male,1,7,Yes,DSL,102.71,699.64,Yes
CUST00547,Female,0,0,No,No,72.85,,Yes
CUST00548,Female,1,60,Yes,DSL,36.02,2046.4,Yes
CUST00549,Female,0,16,No,DSL,99.29,,No
CUST00550,Male,0,4,Yes,Fiber optic,92.8,395.01,Yes
CUST00551,Male,0,6,Yes,No,103.35,646.3,Yes
CUST00552,Female,0,54,No,DSL,59.82,2928.68,No
CUST00553,Female,1,6,No,DSL,67.45,403.05,Yes
CUST00554,Male,0,43,No,No,75.08,3169.01,No
CUST00555,Male,0,3,Yes,Fiber optic,78.62,,No
CUST00556,Female,0,55,No,No,46.45,2962.35,No
CUST00557,Male,0,17,Yes,Fiber optic,99.94,1804.36,No
CUST00558,Male,0,27,No,No,59.16,1766.04,No
CUST00559,Male,0,23,No,Fiber optic,82.2,1908.85,Yes
CUST00560,Female,0,8,No,No,93.26,715.14,Yes
CUST00561,Female,0,5,Yes,No,105.24,562.23,Yes
CUST00562,Male,0,38,No,Fiber optic,32.99,1598.37,No
CUST00563,Male,0,4,No,Fiber optic,108.06,448.09,No
CUST00564,Male,0,27,Yes,DSL,58.23,1835.06,No
CUST00565,Male,0,8,No,No,94.5,769.86,Yes
CUST00566,Female,0,10,Yes,Fiber optic,102.29,1003.81,No
CUST00567,Female,0,23,No,No,39.83,1133.12,No
CUST00568,Female,0,7,Yes,Fiber optic,67.45,466.94,No
CUST00569,Male,0,21,No,DSL,83.56,1644.07,No
CUST00570,Female,0,54,No,No,96.18,5275.88,No
CUST00571,Female,1,5,No,No,67.39,293.58,No
CUST00572,Male,0,10,Yes,Fiber optic,63.78,654.41,Yes
CUST00573,Female,0,71,No,DSL,98.39,6959.19,No
CUST00574,Female,0,5,No,DSL,100.04,,No
CUST00575,Female,0,1,No,No,97.41,100.47,Yes
CUST00576,Female,1,9,No,No,77.32,709.95,Yes
CUST00577,Male,0,32,No,Fiber optic,67.26,2094.39,No
CUST00578,Male,1,61,No,Fiber optic,20.12,942.77,No
CUST00579,Female,0,55,Yes,DSL,37.37,2238.59,No
CUST00580,Female,0,10,No,Fiber optic,76.74,692.27,Yes
CUST00581,Female,0,26,No,DSL,71.75,2005.93,No
CUST00582,Female,0,12,No,DSL,31.43,302.28,No
CUST00583,Male,0,10,No,Fiber optic,79.78,774.75,Yes
CUST00584,Female,0,20,No,Fiber optic,83.57,1684.45,No
CUST00585,Male,0,6,Yes,Fiber optic,75.19,435.53,No
CUST00586,Male,0,27,Yes,DSL,96.96,2485.47,No
CUST00587,Female,0,9,No,DSL,82.51,672.43,No
CUST00588,Male,0,5,No,Fiber optic,89.9,416.84,No
CUST00589,Female,0,2,No,Fiber optic,69.86,130.16,No
CUST00590,Male,1,11,No,DSL,91.77,1044.97,No
CUST00591,Female,0,3,No,DSL,80.26,266.73,No
CUST00592,Male,0,25,Yes,Fiber optic,55.9,1448.47,Yes
CUST00593,Male,0,16,No,No,67.37,972.21,No
CUST00594,Female,0,12,No,DSL,88.01,1127.89,No
CUST00595,Male,0,4,Yes,No,97.61,356.63,Yes
CUST00596,Female,1,6,No,Fiber optic,86.12,495.67,Yes
CUST00597,Female,1,38,Yes,No,20.46,801.77,Yes
CUST00598,Female,0,34,Yes,No,81.99,2990.26,No
CUST00599,Female,0,20,Yes,No,69.3,1280.13,No
CUST00600,Female,0,0,No,DSL,83.33,,Yes
CUST00601,Female,0,33,Yes,DSL,25.92,796.33,No
CUST00602,Female,0,14,No,Fiber optic,89.94,1260.58,No
CUST00603,Male,0,53,Yes,Fiber optic,33.48,1450.17,No
CUST00604,Female,0,50,No,Fiber optic,37.08,1961.32,No
CUST00605,Male,0,5,Yes,No,96.8,,Yes
CUST00606,Female,0,9,Yes,DSL,104.38,935.54,Yes
CUST00607,Male,1,41,Yes,Fiber optic,73.21,3314.17,No
CUST00608,Male,0,26,No,DSL,83.86,1924.65,No
CUST00609,Female,1,42,No,Fiber optic,97.72,3946.27,Yes
CUST00610,Female,0,27,Yes,No,63.8,1784.15,No
CUST00611,Male,0,32,Yes,DSL,55.88,1675.43,No
CUST00612,Female,0,0,No,Fiber optic,82.15,,No
CUST00613,Female,0,1,Yes,DSL,85.83,87.46,Yes
CUST00614,Male,0,52,Yes,Fiber optic,46.32,2106.21,Yes
CUST00615,Male,0,19,No,Fiber optic,58.84,1026.99,Yes
CUST00616,Female,0,62,Yes,DSL,81.27,5012.47,No
CUST00617,Male,0,10,Yes,No,99.35,1058.82,Yes
CUST00618,Male,0,21,Yes,No,83.44,1696.04,No
CUST00619,Female,0,68,No,Fiber optic,78.32,4883.14,No
CUST00620,Female,0,38,No,Fiber optic,71.26,2768.15,Yes
CUST00621,Female,0,15,Yes,DSL,47.82,759.63,No
CUST00622,Female,1,64,Yes,DSL,74.4,4538.4,Yes
CUST00623,Male,0,41,No,DSL,85.24,3774.12,No
CUST00624,Female,0,49,Yes,No,45.0,2079.45,No
CUST00625,Female,1,2,Yes,No,101.57,192.2,No
CUST00626,Male,0,41,Yes,No,61.1,2827.94,No
CUST00627,Male,0,0,Yes,DSL,72.87,,Yes
CUST00628,Female,0,65,Yes,No,42.66,3379.33,No
CUST00629,Female,0,12,Yes,DSL,76.91,839.75,No
CUST00630,Female,0,5,Yes,No,100.66,485.15,Yes
CUST00631,Male,0,39,No,No,90.46,3446.92,No
CUST00632,Female,0,45,Yes,Fiber optic,57.92,2511.91,No
CUST00633,Female,0,17,No,DSL,52.95,,No
CUST00634,Male,0,49,Yes,Fiber optic,86.14,4468.15,No
CUST00635,Female,0,2,No,DSL,100.4,208.59,Yes
CUST00636,Female,1,0,Yes,Fiber optic,62.99,,Yes
CUST00637,Female,0,21,Yes,DSL,44.33,1003.14,No
CUST00638,Male,0,23,Yes,Fiber optic,20.59,670.95,Yes
CUST00639,Male,0,1,Yes,Fiber optic,89.27,97.97,Yes
CUST00640,Male,0,12,No,Fiber optic,33.77,336.05,Yes
CUST00641,Female,0,11,Yes,Fiber optic,83.68,986.49,No
CUST00642,Female,0,33,Yes,Fiber optic,89.13,2833.16,No
CUST00643,Male,0,2,No,DSL,96.68,188.49,No
CUST00644,Male,0,70,Yes,DSL,59.9,4077.39,No
CUST00645,Male,0,13,No,DSL,97.74,1311.2,No
CUST00646,Male,0,53,No,No,66.04,3609.96,No
CUST00647,Male,0,2,Yes,DSL,78.97,157.19,Yes
CUST00648,Female,0,68,Yes,Fiber optic,53.76,3791.75,No
CUST00649,Female,0,42,Yes,DSL,46.2,2258.58,No
CUST00650,Female,0,44,No,No,94.78,3839.74,No
CUST00651,Male,0,55,No,DSL,63.57,2997.95,No
CUST00652,Male,0,18,Yes,Fiber optic,25.2,590.14,No
CUST00653,Female,0,25,No,Fiber optic,30.24,563.35,No
CUST00654,Female,0,0,Yes,No,84.47,,Yes
CUST00655,Female,0,7,No,DSL,96.7,669.0,No
CUST00656,Female,0,5,Yes,Fiber optic,73.81,394.1,No
CUST00657,Male,0,31,No,DSL,62.86,1705.69,No
CUST00658,Female,0,66,Yes,No,69.53,4047.08,No
CUST00659,Female,0,15,Yes,No,34.66,449.84,No
CUST00660,Female,0,7,No,DSL,104.75,686.52,No
CUST00661,Male,1,11,Yes,Fiber optic,74.85,811.62,Yes
CUST00662,Female,0,0,Yes,Fiber optic,71.1,,No
CUST00663,Male,0,24,No,DSL,71.73,1733.61,No
CUST00664,Male,0,3,Yes,DSL,92.46,275.64,Yes
CUST00665,Male,0,36,Yes,Fiber optic,31.14,1324.9,Yes
CUST00666,Female,0,65,No,DSL,59.18,3751.99,No
CUST00667,Female,1,11,Yes,DSL,94.97,1098.76,Yes
CUST00668,Female,1,66,No,DSL,39.84,2025.42,No
CUST00669,Male,1,9,No,DSL,91.28,861.84,No
CUST00670,Male,0,2,No,DSL,86.86,,Yes
CUST00671,Female,0,40,Yes,No,73.48,2724.1,No
CUST00672,Male,1,44,Yes,No,73.12,2895.13,No
CUST00673,Female,1,45,No,DSL,57.1,2530.09,No
CUST00674,Female,0,71,No,No,55.79,4655.93,No
CUST00675,Male,1,25,No,Fiber optic,96.65,2465.97,No
CUST00676,Male,0,64,No,Fiber optic,70.51,5019.95,No
CUST00677,Male,0,0,Yes,DSL,61.3,,No
CUST00678,Male,0,24,No,DSL,97.94,2548.05,No
CUST00679,Female,1,9,Yes,Fiber optic,75.01,686.35,No
CUST00680,Female,0,20,No,Fiber optic,42.69,1026.9,No
CUST00681,Male,0,8,Yes,Fiber optic,89.33,702.61,Yes
CUST00682,Male,0,46,Yes,No,51.12,2462.39,No
CUST00683,Male,0,2,Yes,DSL,66.2,131.01,No
CUST00684,Female,0,41,No,DSL,69.12,2852.77,No
CUST00685,Female,1,58,No,No,34.51,1587.44,No
CUST00686,Female,0,52,No,DSL,31.65,2038.98,No
CUST00687,Male,0,65,No,Fiber optic,59.05,3395.65,No
CUST00688,Male,0,6,No,Fiber optic,82.51,545.08,Yes
CUST00689,Female,0,3,No,Fiber optic,106.54,303.91,Yes
CUST00690,Male,0,1,No,DSL,84.61,82.31,No
CUST00691,Male,0,19,Yes,DSL,23.45,567.84,No
CUST00692,Male,0,0,No,Fiber optic,86.42,,Yes
CUST00693,Male,1,6,No,Fiber optic,90.07,481.41,No
CUST00694,Male,0,48,No,DSL,64.54,,No
CUST00695,Male,0,70,No,Fiber optic,46.15,3486.29,Yes
CUST00696,Female,1,5,Yes,DSL,75.38,340.26,No
CUST00697,Female,1,46,Yes,Fiber optic,75.34,3805.19,Yes
CUST00698,Male,0,0,No,DSL,78.6,,Yes
CUST00699,Female,0,37,Yes,Fiber optic,87.59,3031.43,No
CUST00700,Female,1,10,Yes,DSL,86.21,837.27,No
CUST00701,Male,0,18,No,DSL,83.82,1571.0,No
CUST00702,Female,0,6,Yes,No,94.29,549.04,Yes
CUST00703,Female,0,5,No,DSL,62.58,346.2,No
CUST00704,Female,0,3,Yes,Fiber optic,94.88,263.49,No
CUST00705,Male,0,11,No,Fiber optic,79.11,761.56,Yes
CUST00706,Male,0,9,No,Fiber optic,92.7,803.96,Yes
CUST00707,Male,0,12,No,DSL,21.78,286.78,No
CUST00708,Female,0,10,Yes,DSL,62.86,684.41,No
CUST00709,Male,0,14,No,DSL,93.01,1236.07,No
CUST00710,Male,0,70,Yes,DSL,49.57,2813.12,No
CUST00711,Male,0,49,Yes,Fiber optic,52.81,2982.38,No
CUST00712,Male,0,3,No,DSL,86.54,235.45,Yes
CUST00713,Female,1,38,Yes,Fiber optic,22.23,537.31,No
CUST00714,Female,0,39,Yes,No,74.03,2504.01,No
CUST00715,Male,1,22,Yes,Fiber optic,31.85,858.45,Yes
CUST00716,Male,0,48,Yes,Fiber optic,41.92,1979.75,No
CUST00717,Male,0,0,No,No,74.11,,No
CUST00718,Female,0,9,No,Fiber optic,103.63,869.56,Yes
CUST00719,Female,0,24,Yes,No,54.96,1443.52,No
CUST00720,Male,1,57,Yes,DSL,53.09,3461.3,No
CUST00721,Female,1,9,Yes,No,97.14,863.47,No
CUST00722,Female,1,13,Yes,No,26.5,339.39,No
CUST00723,Female,0,5,No,Fiber optic,71.78,373.88,Yes
CUST00724,Male,0,48,No,DSL,27.65,964.49,No
CUST00725,Male,1,10,Yes,DSL,99.01,892.06,Yes
CUST00726,Female,0,5,No,No,61.89,284.02,No
CUST00727,Male,0,6,Yes,No,69.9,395.48,No
CUST00728,Female,0,12,Yes,Fiber optic,78.67,971.08,No
CUST00729,Female,1,11,No,Fiber optic,91.51,967.5,Yes
CUST00730,Female,0,10,No,Fiber optic,78.05,,No
CUST00731,Female,0,15,No,DSL,56.34,771.82,No
CUST00732,Male,0,34,No,Fiber optic,41.43,1607.35,No
CUST00733,Male,1,11,Yes,Fiber optic,78.7,,Yes
CUST00734,Female,0,21,No,No,89.92,1900.58,No
CUST00735,Male,0,40,Yes,Fiber optic,22.98,1100.64,Yes
CUST00736,Female,0,7,Yes,DSL,68.03,425.02,No
CUST00737,Male,1,17,No,DSL,37.76,632.11,No
CUST00738,Female,0,65,Yes,Fiber optic,73.21,5275.57,No
CUST00739,Female,0,28,Yes,Fiber optic,93.72,2819.79,Yes
CUST00740,Male,1,1,No,Fiber optic,79.43,72.45,No
CUST00741,Female,0,11,Yes,DSL,81.73,901.38,No
CUST00742,Male,0,10,Yes,Fiber optic,72.67,710.55,No
CUST00743,Male,1,3,No,No,60.18,209.32,Yes
CUST00744,Male,0,7,Yes,Fiber optic,103.39,761.44,Yes
CUST00745,Female,0,12,No,No,41.82,551.12,No
CUST00746,Male,0,15,No,DSL,80.41,1146.65,No
CUST00747,Male,1,5,No,DSL,62.84,335.97,No
CUST00748,Male,0,62,Yes,DSL,75.21,4723.61,No
CUST00749,Female,0,7,No,DSL,93.96,618.9,No
CUST00750,Male,1,57,Yes,DSL,78.02,4502.99,No
CUST00751,Male,0,34,Yes,DSL,82.73,2761.17,No
CUST00752,Male,0,62,No,Fiber optic,60.34,4164.55,No
CUST00753,Male,1,10,Yes,No,103.02,1058.04,No
CUST00754,Female,0,59,No,DSL,53.61,3624.08,No
CUST00755,Male,1,29,No,No,81.32,2223.05,No
CUST00756,Male,0,37,Yes,Fiber optic,87.89,3449.13,Yes
CUST00757,Female,0,8,No,Fiber optic,87.98,751.67,No
CUST00758,Male,0,43,Yes,No,33.04,1451.28,No
CUST00759,Female,0,9,Yes,Fiber optic,60.83,537.67,No
CUST00760,Male,0,58,No,Fiber optic,39.89,2745.22,No
CUST00761,Male,1,30,No,DSL,59.72,1752.43,Yes
CUST00762,Female,0,57,No,Fiber optic,76.06,4334.75,No
CUST00763,Female,0,4,No,DSL,78.59,326.9,No
CUST00764,Female,0,30,Yes,DSL,69.7,2070.88,No
CUST00765,Male,0,45,Yes,DSL,25.88,1077.34,No
CUST00766,Female,1,44,Yes,DSL,82.03,3930.37,No
CUST00767,Male,0,37,Yes,Fiber optic,91.31,3155.54,Yes
CUST00768,Female,0,62,Yes,No,84.19,4695.73,No
CUST00769,Male,0,10,No,DSL,75.82,,No
CUST00770,Male,0,8,Yes,DSL,61.89,498.07,No
CUST00771,Female,0,8,No,DSL,72.38,591.11,No
CUST00772,Female,0,54,Yes,No,28.19,1995.11,No
CUST00773,Female,0,6,Yes,DSL,102.06,589.67,Yes
CUST00774,Female,1,70,No,Fiber optic,62.74,3760.43,Yes
CUST00775,Female,0,39,Yes,Fiber optic,65.18,2805.3,Yes
CUST00776,Female,0,30,Yes,Fiber optic,73.68,2043.88,No
CUST00777,Male,0,39,Yes,No,47.4,1996.0,No
CUST00778,Female,1,7,Yes,No,83.37,522.73,Yes
CUST00779,Female,0,1,No,Fiber optic,76.33,79.86,Yes
CUST00780,Male,1,37,Yes,No,52.09,2012.04,Yes
CUST00781,Female,0,22,No,No,64.2,1559.95,No
CUST00782,Female,0,60,No,Fiber optic,34.52,1601.78,No
CUST00783,Male,1,7,Yes,Fiber optic,94.37,609.0,Yes
CUST00784,Female,0,58,No,DSL,58.87,3249.94,No
CUST00785,Female,0,1,Yes,No,92.88,,No
CUST00786,Male,0,7,No,DSL,88.64,586.33,Yes
CUST00787,Female,1,52,No,DSL,53.04,3081.16,No
CUST00788,Male,0,10,Yes,DSL,78.63,875.67,Yes
CUST00789,Male,0,4,No,Fiber optic,88.18,,Yes
CUST00790,Female,0,11,No,DSL,100.36,1029.39,Yes
CUST00791,Female,0,5,Yes,DSL,106.11,483.53,Yes
CUST00792,Female,0,6,No,Fiber optic,98.22,624.73,Yes
CUST00793,Female,0,52,No,Fiber optic,64.51,3027.43,Yes
CUST00794,Female,0,47,No,Fiber optic,22.59,1487.01,No
CUST00795,Female,0,14,No,No,63.86,840.16,No
CUST00796,Female,0,3,No,DSL,102.16,288.67,Yes
CUST00797,Male,0,7,Yes,Fiber optic,91.45,572.39,Yes
CUST00798,Male,0,48,No,Fiber optic,73.43,3479.04,No
CUST00799,Male,0,7,Yes,Fiber optic,79.51,501.67,Yes
CUST00800,Female,0,14,No,Fiber optic,34.15,610.68,Yes
CUST00801,Male,1,5,No,Fiber optic,100.24,477.47,Yes
CUST00802,Male,0,4,No,Fiber optic,66.99,266.76,No
CUST00803,Male,0,68,No,Fiber optic,22.88,1019.97,Yes
CUST00804,Female,0,39,Yes,Fiber optic,54.52,1962.25,No
CUST00805,Male,0,11,Yes,No,76.77,861.08,No
CUST00806,Male,0,9,No,No,82.67,780.15,No
CUST00807,Female,1,1,No,Fiber optic,84.96,90.91,Yes
CUST00808,Female,0,57,No,Fiber optic,20.48,1622.2,No
CUST00809,Male,1,5,Yes,DSL,97.06,519.73,Yes
CUST00810,Female,0,52,Yes,No,90.52,5150.23,No
CUST00811,Male,0,56,No,Fiber optic,42.46,2112.09,No
CUST00812,Male,0,59,No,Fiber optic,89.52,5770.24,Yes
CUST00813,Female,0,10,No,DSL,96.89,948.29,Yes
CUST00814,Female,0,65,Yes,Fiber optic,22.94,1075.18,Yes
CUST00815,Female,1,12,Yes,Fiber optic,97.82,,No
CUST00816,Male,0,23,Yes,No,70.41,1436.8,No
CUST00817,Male,0,45,Yes,Fiber optic,88.28,4189.17,No
CUST00818,Male,0,18,Yes,DSL,61.98,1254.25,No
CUST00819,Female,1,68,No,Fiber optic,24.81,2153.44,Yes
CUST00820,Male,1,26,Yes,Fiber optic,85.13,2260.33,Yes
CUST00821,Female,0,45,Yes,DSL,29.32,872.33,No
CUST00822,Female,0,12,No,Fiber optic,97.95,1259.38,Yes
CUST00823,Female,0,0,No,Fiber optic,102.57,,No
CUST00824,Female,0,44,Yes,DSL,71.12,2866.31,No
CUST00825,Male,0,9,No,No,63.35,598.79,No
CUST00826,Female,0,2,Yes,Fiber optic,104.54,207.18,No
CUST00827,Male,0,33,Yes,DSL,79.94,2697.98,No
CUST00828,Female,0,50,Yes,DSL,47.49,2370.56,No
CUST00829,Female,0,32,No,DSL,47.67,1451.32,No
CUST00830,Male,0,26,No,No,68.71,1869.16,No
CUST00831,Female,1,41,Yes,DSL,42.98,1679.76,No
CUST00832,Female,0,2,Yes,DSL,82.24,157.37,Yes
CUST00833,Female,1,38,No,DSL,88.99,3566.87,No
CUST00834,Male,0,6,Yes,Fiber optic,68.14,412.44,Yes
CUST00835,Female,0,20,No,No,34.39,869.28,No
CUST00836,Female,1,30,No,Fiber optic,41.64,986.39,No
CUST00837,Female,0,7,No,No,92.92,664.89,No
CUST00838,Female,0,12,Yes,Fiber optic,74.2,797.31,No
CUST00839,Female,1,28,Yes,DSL,57.49,1849.27,No
CUST00840,Female,0,55,No,DSL,88.64,4666.78,No
CUST00841,Female,0,17,No,DSL,29.97,346.83,No
CUST00842,Male,1,0,Yes,Fiber optic,92.8,,Yes
CUST00843,Male,0,44,Yes,No,44.88,1742.91,No
CUST00844,Male,1,0,Yes,No,80.87,,Yes
CUST00845,Female,0,34,No,Fiber optic,46.69,1768.97,No
CUST00846,Male,0,50,No,Fiber optic,75.2,,No
CUST00847,Female,0,37,No,Fiber optic,75.55,2995.1,No
CUST00848,Male,1,57,No,Fiber optic,61.07,3852.42,Yes
CUST00849,Male,0,48,Yes,DSL,62.35,2874.9,No
CUST00850,Male,0,28,Yes,No,25.16,438.26,No
CUST00851,Female,0,10,No,Fiber optic,65.98,623.38,No
CUST00852,Male,0,11,Yes,DSL,64.63,646.6,No
CUST00853,Male,0,12,No,No,72.47,,No
CUST00854,Male,0,5,No,Fiber optic,94.97,509.73,Yes
CUST00855,Female,0,55,Yes,DSL,83.24,4873.85,No
CUST00856,Female,0,3,Yes,No,83.87,238.31,Yes
CUST00857,Male,1,19,No,No,30.43,636.47,No
CUST00858,Female,0,62,No,Fiber optic,68.91,4800.28,No
CUST00859,Female,0,39,No,Fiber optic,68.84,2696.37,No
CUST00860,Female,0,27,Yes,DSL,49.76,1559.66,No
CUST00861,Male,0,36,No,Fiber optic,48.45,2050.85,Yes
CUST00862,Female,0,65,No,DSL,73.49,5385.47,No
CUST00863,Female,0,7,Yes,DSL,80.23,496.99,No
CUST00864,Male,0,47,No,Fiber optic,92.03,4044.99,No
CUST00865,Male,0,11,Yes,Fiber optic,98.26,1094.86,Yes
CUST00866,Female,0,6,Yes,DSL,80.38,450.46,Yes
CUST00867,Female,0,6,No,No,89.97,,No
CUST00868,Female,0,3,No,Fiber optic,77.48,223.01,No
CUST00869,Male,0,10,No,DSL,89.16,820.91,Yes
CUST00870,Male,0,38,No,Fiber optic,61.32,2504.89,No
CUST00871,Female,0,30,No,DSL,39.49,975.99,No
CUST00872,Female,0,71,No,DSL,91.35,6187.02,No
CUST00873,Male,0,6,No,No,60.11,352.87,No
CUST00874,Female,0,63,Yes,DSL,51.61,3680.56,No
CUST00875,Male,0,26,No,DSL,22.97,461.73,No
CUST00876,Female,1,12,No,Fiber optic,78.09,894.27,No
CUST00877,Female,1,25,No,DSL,75.2,1845.7,No
CUST00878,Male,0,27,No,DSL,23.81,774.67,No
CUST00879,Female,0,3,No,Fiber optic,99.86,292.96,No
CUST00880,Female,0,53,No,DSL,75.68,3616.77,No
CUST00881,Female,1,51,Yes,No,82.21,,Yes
CUST00882,Female,0,69,Yes,Fiber optic,47.42,3131.8,No
CUST00883,Female,0,6,Yes,Fiber optic,94.66,624.56,Yes
CUST00884,Female,0,12,Yes,DSL,39.6,539.08,No
CUST00885,Male,0,26,Yes,No,31.06,805.49,No
CUST00886,Female,0,1,No,DSL,109.39,104.68,Yes
CUST00887,Female,0,2,No,DSL,70.29,138.08,Yes
CUST00888,Male,0,11,Yes,DSL,66.41,686.56,No
CUST00889,Female,0,2,No,Fiber optic,82.15,150.09,Yes
CUST00890,Male,0,2,No,Fiber optic,101.46,187.07,Yes
CUST00891,Female,0,4,No,No,97.46,401.13,No
CUST00892,Male,1,8,No,Fiber optic,101.86,885.11,Yes
CUST00893,Male,0,14,Yes,DSL,70.03,883.25,No
CUST00894,Female,0,27,No,Fiber optic,54.94,1249.75,No
CUST00895,Female,1,11,No,Fiber optic,69.08,738.81,Yes
CUST00896,Male,0,58,Yes,DSL,97.64,,No
CUST00897,Male,1,63,Yes,DSL,56.69,3556.16,No
CUST00898,Female,0,11,No,DSL,76.15,903.3,Yes
CUST00899,Male,0,70,No,No,84.32,5602.95,No
CUST00900,Female,0,27,Yes,Fiber optic,50.25,1164.81,No
CUST00901,Male,0,4,Yes,No,102.88,380.48,Yes
CUST00902,Female,0,8,No,Fiber optic,60.77,520.23,No
CUST00903,Female,0,35,No,DSL,69.0,2763.5,No
CUST00904,Male,0,10,Yes,Fiber optic,98.86,1069.24,Yes
CUST00905,Male,0,12,Yes,Fiber optic,95.65,1084.46,No
CUST00906,Male,0,67,No,DSL,22.27,2107.6,No
CUST00907,Female,1,56,No,DSL,37.04,2202.42,No
CUST00908,Male,0,3,No,No,75.06,196.01,Yes
CUST00909,Male,0,60,No,DSL,60.57,4159.6,No
CUST00910,Male,0,57,Yes,Fiber optic,70.49,3735.18,No
CUST00911,Male,0,12,No,No,82.7,1003.34,No
CUST00912,Male,0,18,No,No,86.2,1476.06,No
CUST00913,Male,0,1,Yes,DSL,100.44,,No
CUST00914,Female,0,61,No,DSL,23.21,1613.12,No
CUST00915,Male,0,10,No,DSL,103.3,938.93,Yes
CUST00916,Female,0,6,Yes,Fiber optic,90.23,575.72,No
CUST00917,Female,1,3,Yes,DSL,92.81,301.52,Yes
CUST00918,Female,1,15,No,Fiber optic,53.16,659.59,No
CUST00919,Female,0,34,No,DSL,80.3,3052.09,No
CUST00920,Female,0,17,No,Fiber optic,50.87,994.42,Yes
CUST00921,Male,0,69,No,DSL,95.43,6334.43,No
CUST00922,Female,0,66,No,No,95.66,6187.86,No
CUST00923,Male,0,70,Yes,DSL,68.75,4388.6,No
CUST00924,Male,0,60,Yes,DSL,20.6,1168.48,No
CUST00925,Female,0,49,Yes,DSL,83.35,,No
CUST00926,Male,0,10,Yes,DSL,82.29,841.52,Yes
CUST00927,Male,0,50,No,No,98.45,5198.76,No
CUST00928,Female,0,63,Yes,Fiber optic,43.41,2446.59,Yes
CUST00929,Female,0,42,Yes,Fiber optic,42.52,1755.31,No
CUST00930,Male,0,41,Yes,DSL,36.1,1347.72,No
CUST00931,Female,0,35,No,DSL,54.87,1872.3,No
CUST00932,Female,0,3,No,DSL,98.05,265.92,No
CUST00933,Male,1,29,Yes,Fiber optic,45.84,1114.15,No
CUST00934,Male,0,5,No,No,97.66,485.76,Yes
CUST00935,Female,0,9,No,No,104.05,874.06,Yes
CUST00936,Male,0,10,Yes,DSL,87.0,775.66,Yes
CUST00937,Male,0,61,Yes,Fiber optic,74.21,5083.0,No
CUST00938,Male,0,72,Yes,Fiber optic,95.48,6256.76,No
CUST00939,Male,0,30,No,DSL,85.47,2703.23,No
CUST00940,Female,0,71,Yes,Fiber optic,96.58,7263.95,Yes
CUST00941,Male,0,11,No,DSL,93.46,1044.51,No
CUST00942,Male,0,46,Yes,DSL,98.14,4493.64,No
CUST00943,Female,0,34,No,Fiber optic,95.44,3196.49,Yes
CUST00944,Female,1,8,Yes,Fiber optic,82.22,,Yes
CUST00945,Male,0,58,No,DSL,71.4,4331.15,No
CUST00946,Female,0,11,No,DSL,62.73,653.51,No
CUST00947,Female,0,8,No,No,75.21,675.09,No
CUST00948,Female,0,54,No,Fiber optic,27.48,1620.64,No
CUST00949,Female,0,3,No,DSL,74.43,225.54,No
CUST00950,Female,0,59,No,Fiber optic,53.31,2812.15,Yes
CUST00951,Male,0,33,No,Fiber optic,42.87,1160.48,No
CUST00952,Female,0,6,No,Fiber optic,93.16,593.89,Yes
CUST00953,Male,0,33,No,DSL,37.66,1506.98,No
CUST00954,Female,0,21,No,DSL,79.58,1638.04,No
CUST00955,Female,0,55,Yes,Fiber optic,89.03,5309.98,No
CUST00956,Female,0,24,Yes,DSL,71.23,1888.45,No
CUST00957,Female,0,0,Yes,Fiber optic,75.28,,No
CUST00958,Male,1,50,Yes,Fiber optic,84.48,4064.42,No
CUST00959,Female,0,3,Yes,Fiber optic,97.56,311.54,No
CUST00960,Male,1,71,No,No,58.73,4747.54,No
CUST00961,Male,0,7,No,Fiber optic,85.55,637.7,No
CUST00962,Female,1,55,Yes,Fiber optic,79.7,,Yes
CUST00963,Female,0,10,Yes,Fiber optic,87.75,793.11,Yes
CUST00964,Male,0,3,Yes,DSL,104.61,293.94,Yes
CUST00965,Male,0,9,Yes,Fiber optic,83.54,806.32,No
CUST00966,Male,0,31,Yes,Fiber optic,36.0,1283.25,Yes
CUST00967,Male,0,12,Yes,DSL,86.96,1001.15,No
CUST00968,Male,0,25,Yes,No,93.24,2574.2,No
CUST00969,Male,0,10,Yes,DSL,64.38,597.98,No
CUST00970,Male,0,0,Yes,No,77.51,,No
CUST00971,Male,1,9,Yes,DSL,78.34,,No
CUST00972,Male,1,23,Yes,Fiber optic,42.55,827.04,No
CUST00973,Male,0,68,No,Fiber optic,25.71,2289.51,No
CUST00974,Male,0,7,Yes,Fiber optic,72.94,471.58,No
CUST00975,Female,0,12,Yes,No,62.39,864.4,No
CUST00976,Female,0,57,Yes,Fiber optic,97.75,6038.6,Yes
CUST00977,Male,0,31,Yes,Fiber optic,57.56,1658.4,Yes
CUST00978,Male,0,8,No,Fiber optic,106.77,786.51,No
CUST00979,Male,0,3,No,No,64.0,165.05,No
CUST00980,Male,1,30,No,Fiber optic,85.12,2636.81,Yes
CUST00981,Male,0,9,Yes,Fiber optic,94.85,938.12,Yes
CUST00982,Female,0,25,No,DSL,80.93,,No
CUST00983,Male,0,67,Yes,DSL,74.06,5145.34,No
CUST00984,Female,0,21,Yes,No,74.89,1628.56,No
CUST00985,Female,0,15,No,Fiber optic,37.4,592.3,No
CUST00986,Female,0,48,No,DSL,92.78,4539.48,No
CUST00987,Female,0,2,Yes,Fiber optic,90.48,179.62,No
CUST00988,Male,1,58,Yes,Fiber optic,53.09,3273.54,Yes
CUST00989,Female,0,1,Yes,Fiber optic,65.68,,No
CUST00990,Male,0,13,No,DSL,26.21,334.09,No
CUST00991,Male,0,2,No,DSL,65.68,128.62,No
CUST00992,Male,0,9,Yes,DSL,80.96,666.52,No
CUST00993,Male,0,69,No,Fiber optic,56.92,3910.36,No
CUST00994,Male,0,26,Yes,Fiber optic,80.95,2153.3,No
CUST00995,Male,1,7,Yes,Fiber optic,104.47,703.4,No
CUST00996,Male,1,8,Yes,Fiber optic,64.85,488.87,No
CUST00997,Female,1,7,Yes,DSL,90.53,655.23,No
CUST00998,Female,1,7,Yes,DSL,109.1,798.48,No
CUST00999,Male,0,30,Yes,Fiber optic,40.45,1001.23,No
CUST01000,Female,1,9,No,Fiber optic,94.81,844.79,No
